1	37	watch	1406863244
1	40	done	1410874261
1	15	done	1410874265
1	29	done	1410913417
1	13	tag	1410925379
1	11	tag	1410925409
1	90	done	1410939372
1	79	done	1410939396
1	30	done	1410939461
1	22	done	1410939467
1	32	done	1410939590
1	26	done	1410940425
1	62	done	1411958091
1	78	watch	1411972330
1	22	watch	1411982845
1	61	done	1412729637
1	84	done	1412729702
1	49	done	1413165472
1	9	done	1414051253
1	47	watch	1414310106
1	38	watch	1415330409
1	31	watch	1415760805
1	35	watch	1415780164
1	34	watch	1415780165
1	23	watch	1415780165
1	25	watch	1415780165
1	56	done	1420680118
1	31	tag	1422085189
1	58	done	1422927909
1	55	done	1422927919
1	59	done	1426647888
1	38	done	1427164935
1	87	watch	1427178784
1	35	tag	1427761237
1	31	done	1428406840
1	33	done	1428406905
1	88	watch	1428407596
1	74	done	1428462539
1	78	done	1428999268
1	6	done	1429000624
1	91	done	1429000669
1	66	done	1429001585
1	47	done	1429002412
1	52	tag	1429495956
1	52	done	1429496081
1	34	done	1429522070
1	35	done	1429522215
1	25	done	1429600652
1	12	tag	1429618603
2	69	enter	1414994882
2	69	done	1414994895
2	12	tag	1429167921
2	88	watch	1429684938
3	69	enter	1416712540
3	69	done	1416712553
3	88	watch	1427474432
4	69	enter	1416551176
4	69	done	1416551181
4	88	watch	1427191439
5	69	enter	1414167044
5	69	done	1414167072
5	35	done	1414167356
5	6	done	1415964583
5	25	done	1416631658
5	52	done	1417179106
5	30	done	1417181605
5	78	done	1417258977
5	91	done	1418985497
5	88	watch	1419591117
5	12	tag	1419591124
5	34	done	1419591140
5	23	done	1419594813
6	69	enter	1416401988
6	69	done	1416402074
6	12	tag	1426846527
6	88	watch	1426846556
7	12	tag	1415533240
7	35	done	1415533253
7	69	enter	1415534508
7	69	done	1415534528
7	88	watch	1427458885
8	88	watch	1415181904
8	69	enter	1415182940
8	69	done	1415182957
8	31	done	1416541210
8	91	done	1416628208
8	29	done	1416665629
8	32	done	1416722263
8	30	done	1417850200
8	22	done	1417851893
8	78	done	1417853580
8	56	done	1417855261
8	28	done	1417857041
8	70	done	1417857045
8	47	done	1417859157
8	52	done	1417860838
8	38	done	1417862441
8	39	done	1417865077
8	40	done	1417866741
8	6	done	1417868336
8	63	done	1417954397
8	87	watch	1418021117
8	10	done	1418197326
8	68	done	1418216839
8	66	done	1423742955
8	9	done	1423747329
8	90	done	1423748756
8	35	done	1423977170
8	26	done	1423977996
8	50	done	1423978773
8	84	done	1423979875
8	12	tag	1424168779
8	83	done	1424168966
8	21	done	1424169795
8	42	done	1424170665
8	57	done	1424172175
9	88	watch	1417244496
9	12	tag	1417244526
9	69	enter	1417246825
9	69	done	1417246874
10	69	enter	1416750114
10	69	done	1416750123
10	88	watch	1427292047
11	35	tag	1425108221
11	34	tag	1425108772
11	23	done	1425108788
11	25	tag	1425112502
11	24	done	1425112526
11	24	tag	1425112938
11	15	tag	1425113302
11	31	done	1425113325
11	31	tag	1425113695
11	30	done	1425113729
11	30	tag	1425114056
11	22	done	1425114082
11	22	tag	1425114450
11	20	done	1425114471
11	20	tag	1425114824
11	54	tag	1425115178
11	37	tag	1425115623
11	33	done	1425115658
11	33	tag	1425116126
11	64	done	1425116176
11	64	tag	1425116536
11	32	done	1425116555
11	32	tag	1425116897
11	35	done	1429925212
11	34	done	1429925666
11	12	tag	1429926170
11	25	done	1429926180
11	15	done	1429926654
11	54	done	1429927191
11	37	done	1429927604
11	47	done	1429930537
12	7	done	1426774142
12	47	done	1426774499
12	35	tag	1427120347
12	35	done	1428761548
12	31	done	1428761569
12	30	done	1428761589
12	91	done	1428761607
12	6	done	1428761625
12	61	done	1428761704
12	90	done	1428761722
12	12	tag	1428761729
12	41	done	1428761739
12	69	enter	1429933044
12	88	watch	1429933566
13	88	watch	1427199051
13	12	tag	1427199059
13	31	done	1427199077
13	31	tag	1427199090
14	69	enter	1415239334
14	69	done	1415239348
14	88	watch	1417521033
15	69	enter	1415077909
15	69	done	1415077924
15	88	watch	1419469418
16	69	enter	1415237721
16	69	done	1415237727
16	88	watch	1419472665
17	12	tag	1415846641
17	89	done	1415846648
17	69	enter	1415847229
17	69	done	1415847237
18	13	tag	1409819539
18	69	enter	1416012052
18	69	done	1416012069
18	88	watch	1417335204
18	12	tag	1418108916
19	69	enter	1416718448
19	69	done	1416718459
19	12	tag	1416718536
19	88	watch	1419556942
20	12	tag	1417182525
20	89	done	1417182547
21	12	tag	1415789622
21	69	enter	1416475374
21	69	done	1416475381
21	88	watch	1416740092
22	24	tag	1429588580
22	69	enter	1429621736
22	35	done	1429621863
22	34	done	1429622984
22	88	watch	1429623533
22	23	done	1429625462
22	25	done	1429626508
22	24	done	1429628861
22	31	done	1429794732
22	12	tag	1429797896
23	35	tag	1428370108
23	34	tag	1428372196
23	52	done	1428714003
23	40	done	1428715000
23	49	done	1428715729
23	91	tag	1429555175
23	2	done	1429671825
23	17	done	1429672078
23	17	tag	1429672119
23	24	done	1429708978
23	9	done	1429713928
23	30	done	1429744782
23	12	tag	1429772647
23	51	done	1429772658
23	90	done	1429772668
24	88	watch	1413711496
24	69	enter	1414813927
24	69	done	1414813958
25	13	tag	1411643523
26	88	watch	1429312432
26	69	enter	1429313191
26	69	done	1429313216
27	12	tag	1416276708
27	69	enter	1416467310
27	69	done	1416467318
27	88	watch	1420936374
28	13	tag	1407846905
28	69	enter	1412904803
29	13	tag	1407805893
29	87	watch	1429671294
30	88	watch	1416565391
30	69	enter	1416566987
30	69	done	1416566998
31	87	done	1407652095
31	87	watch	1407652098
31	12	tag	1407976964
31	13	tag	1407978430
32	13	tag	1409025317
32	11	tag	1409053766
32	69	enter	1412900386
32	12	tag	1414370273
32	88	watch	1414370294
33	12	tag	1429707066
33	16	done	1429707073
33	16	tag	1429707273
34	88	watch	1429579990
34	69	enter	1429583660
34	69	done	1429583666
35	47	done	1427932960
35	47	tag	1427934166
35	52	done	1427934443
35	52	tag	1427937708
35	38	done	1427937742
35	38	tag	1427939535
35	39	done	1428019231
35	40	done	1428022114
35	40	tag	1428022593
35	6	done	1428022703
35	66	done	1428023815
35	66	tag	1428025008
35	61	tag	1429068034
35	10	done	1429141516
35	10	tag	1429141740
35	9	done	1429148590
35	9	tag	1429148649
35	12	tag	1429485476
35	61	done	1429488804
35	26	done	1429489826
35	60	done	1429491698
35	84	done	1429494645
35	50	done	1429494654
37	69	enter	1414471307
37	69	done	1414471322
37	88	watch	1420022100
37	12	tag	1420022190
37	87	watch	1420815975
38	69	done	1415518890
38	69	enter	1415518899
38	87	watch	1415519043
38	89	done	1420632248
38	12	tag	1420632829
38	88	watch	1420807732
39	88	watch	1408669579
39	72	done	1410921709
39	73	done	1410921765
39	64	done	1410921787
39	11	tag	1410921855
39	12	tag	1410921861
39	89	done	1410921887
40	10	done	1427961083
40	35	done	1428930291
40	24	done	1428931419
40	3	done	1428991323
40	66	done	1429504873
40	41	done	1429507560
40	61	done	1429508284
40	91	done	1429576030
40	55	done	1429577799
40	9	done	1429582092
40	31	done	1429836423
40	22	done	1429837535
40	90	done	1429838705
40	88	watch	1429978548
40	69	enter	1429978690
40	12	tag	1429978737
40	47	done	1429978743
41	35	done	1426659034
41	35	tag	1426659060
41	91	done	1427097472
41	78	done	1427097483
41	5	done	1427788416
41	10	done	1428136185
41	57	done	1428137904
41	69	enter	1429276986
41	3	done	1429450289
41	20	done	1429578505
41	37	done	1429578513
41	27	done	1429578518
41	90	done	1429578527
41	12	tag	1429787482
41	51	done	1429787488
41	80	done	1429789106
42	12	tag	1429597286
42	88	watch	1429597288
42	69	enter	1429597823
42	69	done	1429597841
43	88	watch	1429860428
43	69	enter	1429862044
43	69	done	1429862060
44	88	watch	1429668809
44	69	enter	1429669066
44	69	done	1429669175
45	25	done	1426753843
45	24	done	1426757054
45	31	done	1426761729
45	30	done	1426762851
45	33	done	1426765529
45	19	done	1426767234
45	91	done	1426814097
45	78	done	1426815982
45	32	done	1426817255
45	6	done	1427419302
45	61	done	1427422047
45	26	done	1427423403
45	90	done	1427424915
45	9	done	1427436939
45	79	done	1427438473
45	44	tag	1427439784
45	44	done	1427439786
45	3	done	1427679576
45	58	done	1427680474
45	42	done	1427681155
45	57	done	1427683582
45	12	tag	1427684982
45	50	done	1427685008
46	13	tag	1412308879
46	11	tag	1412308894
46	69	enter	1413993083
46	69	done	1413993099
46	35	done	1415416618
46	34	done	1415885416
46	23	done	1417700899
46	25	done	1417789652
46	24	done	1417793482
46	30	done	1417862474
46	22	done	1417871310
46	15	done	1417874481
46	20	done	1417874649
46	31	done	1417875087
46	37	done	1417875131
46	19	done	1417875154
46	33	done	1417875220
46	27	done	1417875576
46	91	done	1418023264
46	78	done	1418023736
46	32	done	1418029589
46	12	tag	1418029831
46	56	done	1418029896
46	28	done	1418029918
46	29	done	1418030744
46	88	watch	1418090820
47	69	enter	1416984205
47	69	done	1416984217
47	88	watch	1419646373
47	12	tag	1424142996
48	69	done	1413867424
48	12	tag	1417577198
48	88	watch	1419262938
48	69	enter	1429062804
49	12	tag	1416394578
49	69	enter	1416824573
49	69	done	1416824647
49	88	watch	1419420624
50	69	enter	1417355324
50	88	watch	1420686316
51	12	tag	1413967455
51	88	watch	1414892055
51	69	enter	1414892424
51	69	done	1414892457
52	12	tag	1414994383
52	69	enter	1414996158
52	69	done	1414996170
52	88	watch	1420682324
53	12	tag	1415239452
53	85	done	1415243254
53	87	watch	1415753838
53	69	enter	1416365805
53	69	done	1416365825
53	88	watch	1419776941
54	69	enter	1416365970
54	69	done	1416365985
55	12	tag	1415754146
55	69	enter	1416366159
55	69	done	1416366187
56	69	enter	1415446162
56	69	done	1415446170
56	88	watch	1420370061
57	69	enter	1415446907
57	69	done	1415446975
58	12	tag	1429669823
59	12	tag	1429682180
60	69	enter	1416867964
60	69	done	1416867985
61	87	watch	1412836794
61	88	watch	1414982677
61	69	enter	1416821741
61	69	done	1416821847
62	69	enter	1416867593
62	69	done	1416867613
63	69	enter	1416867778
63	69	done	1416867793
63	88	watch	1420757673
64	69	enter	1416367151
64	69	done	1416367165
64	88	watch	1419770884
65	69	enter	1416313147
65	69	done	1416313152
65	12	tag	1416358593
65	88	watch	1420375731
66	69	enter	1416366489
66	69	done	1416366512
66	12	tag	1416731518
67	12	tag	1429599933
68	88	watch	1416204646
68	69	enter	1416288234
68	69	done	1416288250
68	12	tag	1416366059
69	69	enter	1416288581
69	69	done	1416288590
69	12	tag	1416366264
69	88	watch	1420884118
70	88	watch	1414486342
70	87	done	1415684488
70	87	watch	1415684490
70	69	enter	1416289480
70	69	done	1416289487
70	12	tag	1416468805
71	87	watch	1415257269
71	12	tag	1416358806
71	69	enter	1416366692
71	69	done	1416366707
71	88	watch	1419341538
72	88	watch	1415064524
72	69	enter	1416366842
72	69	done	1416366869
72	12	tag	1416534469
73	88	watch	1415276441
73	69	enter	1416366993
73	69	done	1416367008
73	12	tag	1416534793
74	69	enter	1416868408
74	69	done	1416868454
74	88	watch	1420757195
75	69	enter	1416289218
75	69	done	1416289226
75	12	tag	1416469858
75	88	watch	1420874579
76	12	tag	1416186132
76	69	enter	1416288946
76	69	done	1416288958
77	35	done	1420469619
77	35	tag	1420469864
77	34	done	1420553435
77	34	tag	1420560032
77	23	done	1420640010
77	23	tag	1420640875
77	25	done	1420642682
77	25	tag	1420643459
77	88	watch	1420975127
77	22	done	1422197039
77	22	tag	1422197434
77	20	done	1422282146
77	20	tag	1422283307
77	28	done	1422970738
77	28	tag	1422972366
77	24	done	1427443266
77	24	tag	1427445794
77	31	done	1427529278
77	31	tag	1427530452
77	12	tag	1427698590
77	30	done	1427698628
77	30	tag	1427703219
78	69	enter	1415689480
78	69	done	1415689490
79	11	tag	1409711941
79	13	tag	1413249624
79	69	done	1413942567
79	35	done	1414382400
79	34	done	1414385125
79	23	done	1414389029
79	25	done	1414396789
79	24	done	1414399709
79	31	done	1414470439
79	30	done	1414475331
79	87	watch	1416449785
79	12	tag	1416903228
79	87	done	1417053721
79	88	watch	1429071214
79	69	enter	1429071537
80	69	enter	1415255794
80	69	done	1415256235
80	30	done	1415325943
80	12	tag	1416447980
80	88	watch	1419216701
81	69	enter	1415585685
81	69	done	1415585703
81	88	watch	1420611360
82	69	enter	1414465039
82	69	done	1414465046
82	88	watch	1419297116
82	12	tag	1419300726
82	35	done	1419300747
83	35	done	1413188292
83	13	tag	1413193529
83	31	done	1415167980
83	22	done	1415173346
83	20	done	1415176432
83	37	done	1415177276
83	33	done	1415263434
83	69	enter	1416189202
83	69	done	1416189270
83	12	tag	1418090560
83	88	watch	1419216824
83	87	watch	1419488642
84	88	watch	1416276515
84	69	enter	1416277381
84	69	done	1416277387
84	12	tag	1416277527
85	69	enter	1414679043
85	69	done	1414679087
85	31	done	1415885334
85	30	done	1415886697
85	47	done	1416055494
85	60	done	1416311482
85	83	done	1417698653
85	88	watch	1419318394
85	12	tag	1421458956
85	61	done	1421458974
85	9	done	1421460406
85	9	tag	1421460788
86	69	enter	1429189586
86	88	watch	1429700162
87	35	done	1425132991
87	78	tag	1427287042
87	28	done	1427288763
87	91	done	1429059661
87	12	tag	1429279238
87	78	done	1429279282
87	32	done	1429281082
87	88	watch	1429571374
87	69	enter	1429572712
87	69	done	1429572730
88	88	watch	1429893474
88	12	tag	1429893505
88	69	enter	1429895524
89	12	tag	1427445245
89	31	done	1427445265
89	88	watch	1429761848
89	69	enter	1429762331
89	69	done	1429762343
90	11	tag	1408067095
90	12	tag	1408067098
90	13	tag	1412557135
91	12	tag	1411128089
91	11	tag	1411128094
91	13	tag	1411128127
92	24	done	1413801089
92	31	done	1413801227
92	30	done	1413808565
92	37	tag	1414328905
92	27	done	1414335611
92	88	watch	1414495487
92	69	enter	1414495975
92	69	done	1414496012
92	91	done	1414496243
92	47	done	1419850302
92	52	done	1419851795
92	12	tag	1419852789
92	38	done	1419852802
93	30	done	1416206881
93	88	watch	1416365061
93	69	enter	1416453541
93	69	done	1416453552
93	12	tag	1417159735
94	13	tag	1413271312
94	88	watch	1415929829
94	69	enter	1416474051
94	69	done	1416474055
94	12	tag	1419821985
95	69	enter	1416453867
95	69	done	1416453887
95	12	tag	1417264319
96	88	watch	1416451507
96	69	enter	1416453927
96	69	done	1416453944
96	12	tag	1417179285
97	69	enter	1416453690
97	69	done	1416453707
97	12	tag	1417264410
97	88	watch	1418989596
98	13	tag	1413358988
98	69	enter	1416473336
98	12	tag	1419303074
99	69	enter	1416453617
99	69	done	1416453644
99	12	tag	1417264508
99	88	watch	1418005373
100	69	enter	1416454081
100	69	done	1416454096
100	12	tag	1417264047
101	69	enter	1416454005
101	69	done	1416454014
101	12	tag	1417264147
102	12	tag	1420511201
102	88	watch	1420511237
103	69	enter	1416794061
103	69	done	1416794083
103	88	watch	1420860122
104	69	enter	1417408140
104	69	done	1417408146
104	88	watch	1420855878
105	31	done	1428454491
105	22	done	1428456332
105	35	done	1428456633
105	20	done	1428458185
105	20	tag	1428458680
105	51	done	1428539455
105	12	tag	1428627270
105	10	done	1428707005
106	35	done	1412910306
106	11	tag	1412910344
106	34	done	1412911596
106	23	done	1412914714
106	25	done	1412916402
106	31	done	1413103883
106	30	done	1413105008
106	33	done	1413268294
106	19	done	1413270053
106	78	done	1413288036
106	22	done	1414222684
106	20	done	1414222691
106	37	done	1414386928
106	91	done	1414392426
106	32	done	1414749874
106	69	enter	1415005685
106	69	done	1415005719
106	28	done	1415005755
106	56	done	1415515675
106	46	done	1415522612
106	38	done	1416128342
106	39	done	1416395700
106	7	done	1416399767
106	4	done	1416404843
106	8	done	1416624719
106	66	done	1416630178
106	10	done	1416631461
106	61	done	1416649729
106	63	done	1416721535
106	57	done	1416722980
106	26	done	1416744684
106	60	done	1416747178
106	9	done	1416787158
106	12	tag	1417678903
106	90	done	1417678935
106	51	done	1417680187
106	79	done	1417680807
106	80	done	1417681917
106	81	done	1417683533
106	83	done	1417684092
106	41	done	1417684897
106	21	done	1417685618
106	43	done	1417686113
106	44	done	1417687734
106	88	watch	1419594146
107	12	tag	1415417169
107	88	watch	1415418216
108	71	tag	1427283227
108	72	done	1427283251
108	12	tag	1429697584
108	34	done	1429697600
109	69	enter	1416397350
109	69	done	1416397359
109	12	tag	1417961437
109	88	watch	1420594472
110	35	done	1428061335
110	88	watch	1429962287
110	12	tag	1429962303
111	35	done	1415579718
111	69	enter	1415586186
111	69	done	1415586200
111	34	done	1415586237
111	23	done	1415587236
111	15	done	1415613757
111	31	done	1415614841
111	30	done	1415667322
111	22	tag	1415668997
111	22	done	1415668999
111	20	done	1415671000
111	54	done	1415671846
111	37	done	1415672839
111	91	done	1415684422
111	28	done	1415691281
111	29	done	1415694931
111	47	done	1415842879
111	40	done	1415847832
111	6	done	1415848612
111	7	done	1415849745
111	5	done	1415851087
111	8	done	1415853139
111	66	done	1415855419
111	61	done	1415929206
111	26	done	1415930594
111	12	tag	1415931853
111	9	done	1415931862
111	88	watch	1416379873
112	12	tag	1414998992
112	88	watch	1415000428
112	69	enter	1415000475
113	69	enter	1416209372
113	69	done	1416209397
113	88	watch	1420505573
114	13	tag	1409673571
114	69	enter	1414897143
114	69	done	1414897163
114	91	done	1415102602
114	31	tag	1416715970
114	31	done	1416715972
114	64	done	1416845305
114	32	done	1416846435
114	61	done	1417008131
114	84	done	1417011726
114	29	done	1417103849
114	52	done	1417230643
114	12	tag	1417236343
114	43	done	1417238512
114	21	done	1417239248
114	83	done	1417239267
114	88	watch	1420368986
115	69	enter	1416209833
115	69	done	1416209853
115	88	watch	1420767736
116	61	done	1426766615
116	26	done	1426768813
116	60	done	1426770053
116	84	done	1426771255
116	50	done	1426772819
116	9	done	1426774200
116	12	tag	1426853787
116	90	done	1426853807
116	51	done	1426855047
116	79	done	1426855633
116	80	done	1426856733
116	88	watch	1430051808
117	35	done	1427279561
117	34	done	1427279894
117	23	done	1427281164
117	25	done	1427282345
117	25	tag	1427283583
117	31	done	1427546964
117	31	tag	1427547258
117	30	done	1427759145
117	37	done	1427761187
117	91	done	1428280736
117	78	done	1428282526
117	32	done	1428284849
117	47	done	1428539257
117	52	done	1428541601
117	38	done	1428542705
117	39	done	1428545098
117	40	done	1428548112
117	4	done	1428561154
117	6	done	1429000642
117	7	done	1429000673
117	66	done	1429094962
117	10	done	1429094993
117	63	done	1429095106
117	57	done	1429095238
117	68	done	1429095323
117	26	done	1429095560
117	60	done	1429095635
117	84	tag	1429095827
117	9	done	1429095836
117	12	tag	1429136394
117	61	done	1429136401
117	84	done	1429136420
117	90	done	1429136431
117	51	done	1429136453
117	88	watch	1429604617
117	69	enter	1429605544
117	69	done	1429605562
118	31	done	1425113990
118	35	done	1425263523
118	34	done	1425263679
118	91	done	1426661422
118	78	done	1426663216
118	12	tag	1426668658
118	30	done	1426668690
118	37	tag	1426669585
118	22	done	1426670380
118	88	watch	1429581707
118	69	enter	1429582602
118	69	done	1429582614
119	22	done	1428542216
119	31	done	1429858206
119	12	tag	1429858214
119	17	done	1429858222
120	83	done	1415416759
120	47	done	1415416877
120	52	done	1415416897
120	8	done	1415710479
120	89	done	1415710543
120	87	done	1415711309
120	88	watch	1416404719
120	69	enter	1416405246
120	69	done	1416405251
120	19	tag	1416406233
120	51	done	1416406461
120	68	done	1416406541
120	87	watch	1416487656
120	54	done	1416490064
120	91	done	1416492115
120	24	done	1417787165
120	15	done	1417787207
120	31	done	1417787251
120	30	done	1417787289
120	20	done	1417787336
120	35	done	1417873268
120	34	done	1417873284
120	23	done	1417873299
120	25	done	1417873316
120	22	done	1417874415
120	33	done	1417874430
120	19	done	1417874453
120	28	done	1417874472
120	6	done	1417874489
120	62	done	1417874510
120	12	tag	1417874521
120	70	done	1417874529
121	34	done	1415190088
121	23	done	1415433719
121	25	done	1415436172
121	25	tag	1415436178
121	27	done	1415440096
121	36	done	1415441407
121	83	done	1415447172
121	41	done	1415448115
121	89	done	1415449573
121	85	done	1415450482
121	31	done	1415672871
121	91	done	1415752330
121	35	done	1415799020
121	6	done	1415799860
121	12	tag	1415800785
121	51	done	1415801146
121	21	done	1415801647
121	79	done	1415802053
121	69	enter	1416570904
121	69	done	1416570916
121	88	watch	1420775279
122	88	watch	1414984523
122	69	done	1414985049
122	69	enter	1414985065
123	13	tag	1413337601
123	69	enter	1416971511
123	69	done	1416971525
123	12	tag	1423534844
124	88	watch	1414202409
124	69	enter	1414377581
124	69	done	1414377608
125	69	enter	1414633633
125	69	done	1414633640
126	12	tag	1417178999
126	88	watch	1417179646
126	69	enter	1417261852
126	69	done	1417261858
127	13	tag	1412842933
127	33	done	1413721930
127	19	done	1413781318
127	91	done	1413792790
127	78	done	1413863988
127	32	done	1413878254
127	69	enter	1415291578
127	69	done	1415291590
127	88	watch	1415603664
127	9	done	1416181663
127	80	done	1416196529
127	51	done	1416199810
127	79	done	1416208590
127	85	tag	1416208620
127	85	done	1416208620
127	12	tag	1416289700
127	83	done	1416289719
128	35	tag	1413694917
128	34	done	1413694938
128	25	tag	1413694983
128	66	done	1413888846
128	89	done	1413888859
128	25	done	1413888890
128	88	watch	1415370024
128	46	done	1415370124
128	69	done	1415371153
128	69	enter	1415371194
128	52	done	1415371233
128	91	done	1415442237
128	90	done	1415442271
128	63	done	1415442312
128	6	done	1415502292
128	61	done	1415502319
128	9	done	1415502352
128	9	tag	1415502354
128	51	done	1415502360
128	35	done	1415595132
128	30	done	1415595144
128	78	done	1415595167
128	41	tag	1415595355
128	41	done	1415595356
128	47	done	1415595387
128	12	tag	1415595411
129	13	tag	1413332020
129	61	done	1413763951
129	82	done	1414379168
129	42	done	1414459165
129	52	done	1414459200
129	29	done	1414655016
129	89	done	1414896080
129	30	done	1414996116
129	57	done	1415154138
129	88	watch	1415580458
129	69	enter	1415587210
129	69	done	1415587255
129	12	tag	1416269474
130	69	done	1417276810
130	69	enter	1417276909
131	13	tag	1413330024
131	12	tag	1413765196
131	88	watch	1416363477
131	69	enter	1416533511
131	69	done	1416533520
132	11	tag	1410930504
132	24	tag	1415847879
132	24	done	1415847899
132	33	done	1415852578
132	50	done	1415854691
132	83	done	1415862035
132	70	done	1415863196
132	21	done	1415865981
132	78	done	1415866002
132	8	done	1415871087
132	68	done	1415872954
132	69	enter	1416709424
132	69	done	1416709457
132	87	done	1416875709
132	87	watch	1416875712
132	12	tag	1417409211
132	88	watch	1421325746
133	88	watch	1415772308
133	69	enter	1415773003
133	69	done	1415773055
133	12	tag	1417071595
134	12	tag	1414506777
134	88	watch	1414508975
134	69	enter	1414509496
134	69	done	1414509503
135	88	watch	1416182980
135	69	enter	1416183265
135	69	done	1416183277
136	13	tag	1411613289
136	88	watch	1416818697
136	69	enter	1416884151
136	69	done	1416884167
136	12	tag	1416976415
136	9	done	1416976450
137	88	watch	1414647071
137	69	enter	1414647708
137	69	done	1414647747
137	31	done	1414664604
137	19	done	1414665751
137	33	done	1414667686
137	36	done	1414669044
137	27	done	1414669048
137	46	done	1414670353
137	28	done	1414670545
137	62	done	1414673685
137	32	done	1414675383
137	3	done	1414677788
137	12	tag	1415257429
137	52	done	1415258018
137	38	done	1415259443
137	40	done	1415261272
138	69	enter	1414830354
138	69	done	1414830367
139	88	watch	1416892070
139	69	enter	1416917786
139	69	done	1416917829
140	88	watch	1416627809
140	12	tag	1416641842
140	69	enter	1416641926
140	69	done	1416641937
141	69	enter	1415626425
141	69	done	1415626433
141	12	tag	1417009085
141	35	done	1417009097
141	34	done	1417010233
141	88	watch	1421287342
142	11	tag	1408107229
142	87	done	1409620715
142	13	tag	1409704051
142	69	enter	1412909247
142	87	watch	1412909434
142	12	tag	1417354337
143	88	watch	1429491809
143	69	enter	1429858228
143	69	done	1429858232
144	35	done	1428925463
144	12	tag	1428937008
144	23	done	1428937020
144	69	enter	1429191225
144	88	watch	1429191322
145	35	done	1427888096
145	34	done	1427889666
145	23	done	1427892373
145	25	done	1427894339
145	24	done	1427896671
145	15	done	1427898811
145	31	done	1428113713
145	30	done	1428114831
145	22	done	1428116665
145	37	done	1428123946
145	33	done	1428126767
145	19	done	1428127754
145	27	done	1428129831
145	36	done	1428131733
145	91	done	1428132911
145	78	done	1428134702
145	32	done	1428137394
145	29	done	1428138376
145	64	done	1428139804
145	56	done	1428140943
145	46	done	1428142661
145	53	done	1428143727
145	62	done	1428147637
145	70	done	1428149655
145	47	done	1428150571
145	52	done	1428152168
145	38	done	1428153157
145	39	done	1428156053
145	40	done	1428157492
145	6	done	1428201043
145	7	done	1428202126
145	5	done	1428203554
145	8	done	1428205477
145	4	done	1428206708
145	66	done	1428207758
145	10	done	1428209220
145	63	done	1428210494
145	63	tag	1428211406
145	68	done	1428212461
145	57	done	1428214159
145	61	done	1428223599
145	61	tag	1428223613
145	26	done	1428225217
145	60	done	1428226470
145	50	done	1428289145
145	84	done	1428290259
145	9	done	1428291883
145	65	done	1428293365
145	49	done	1428296117
145	48	done	1428297622
145	3	done	1428299060
145	58	done	1428299942
145	59	done	1428300624
145	55	done	1428301835
145	85	done	1428302726
145	90	done	1428303402
145	51	done	1428304795
145	79	done	1428317316
145	80	done	1428318423
145	81	done	1428319573
145	82	done	1428320095
145	67	done	1428320886
145	83	done	1428321643
145	41	done	1428322494
145	21	done	1428323219
145	44	done	1428323715
145	12	tag	1428406727
145	42	done	1428406751
145	43	done	1428407663
145	89	done	1428408395
146	88	watch	1429969979
146	69	enter	1429971083
146	69	done	1429971092
147	86	done	1429844038
147	71	done	1429844052
147	35	tag	1430062397
147	12	tag	1430063986
147	35	done	1430063998
148	69	enter	1429498764
148	35	done	1429500958
148	34	done	1429502205
148	88	watch	1429504411
148	23	done	1429505744
148	25	done	1429507086
148	12	tag	1429511286
148	24	done	1429511298
148	31	done	1429511308
148	30	done	1429512755
148	22	done	1429515402
148	14	done	1429516187
149	13	tag	1412063748
149	91	watch	1412780883
149	87	watch	1413992828
150	13	tag	1411341665
151	13	tag	1409122094
151	11	tag	1409122097
152	35	done	1427163119
152	12	tag	1427178039
153	31	tag	1413019891
153	30	done	1413020760
153	12	tag	1413100387
153	13	tag	1413100413
154	12	tag	1417329617
154	69	enter	1417330676
154	69	done	1417331338
154	88	watch	1419421010
155	69	enter	1417269264
155	69	done	1417269275
155	88	watch	1419308898
156	31	done	1428896525
156	33	done	1428896579
156	32	done	1428937878
156	6	done	1428937929
156	57	done	1428938262
156	83	done	1428985127
156	41	done	1428985143
156	21	done	1428985154
156	90	done	1428985165
156	51	done	1428985173
156	79	done	1428985205
156	52	done	1429005413
156	61	done	1429071167
156	9	done	1429071186
156	66	done	1429071310
156	10	done	1429071339
156	60	done	1429071402
156	26	done	1429071446
156	35	done	1429071550
156	23	done	1429071570
156	89	done	1429156784
156	68	done	1429156812
156	30	done	1429274116
156	91	done	1429274134
156	78	done	1429274146
156	56	done	1429274165
156	5	done	1429274342
156	62	done	1429274379
156	25	done	1429359743
156	24	done	1429359757
156	37	done	1429359788
156	19	done	1429359796
156	28	done	1429359814
156	53	done	1429359831
156	38	done	1429359854
156	12	tag	1429597519
156	34	done	1429597531
156	34	tag	1429597536
156	18	done	1429597540
156	18	tag	1429597543
156	15	done	1429597557
156	16	done	1429597566
156	69	enter	1429597671
157	11	tag	1408515904
157	13	tag	1408515918
157	12	tag	1422150975
158	12	tag	1424996019
158	9	done	1424996057
158	9	tag	1424996062
158	35	done	1424996072
158	35	tag	1424996080
158	34	done	1424996094
158	23	done	1424996113
158	25	done	1424996134
158	24	done	1424996166
158	31	done	1424996188
158	31	tag	1424996202
158	30	done	1424996221
158	22	done	1424996241
158	20	done	1424996263
158	37	done	1424996305
158	33	done	1424996341
158	19	done	1424996389
158	27	done	1424996426
158	36	done	1424996446
158	91	done	1424996464
158	78	done	1424996505
158	32	done	1424996528
158	28	done	1424996550
158	29	done	1424996565
158	70	done	1424996592
158	70	tag	1424996597
158	56	done	1424996648
158	46	done	1424996675
158	62	done	1424996697
158	47	done	1424996714
158	52	done	1424996730
158	38	done	1424996752
158	39	done	1424996767
158	40	done	1424996782
158	6	done	1424996807
158	7	done	1424996854
160	19	done	1414042933
160	12	tag	1414043174
161	69	enter	1415523123
161	69	done	1415523135
161	12	tag	1415526781
161	88	watch	1429875806
162	69	enter	1414923554
162	69	done	1414923572
162	88	watch	1419249863
163	69	enter	1413337424
163	88	watch	1415376509
164	11	tag	1409878641
164	13	tag	1411872275
164	88	watch	1415585187
164	12	tag	1416122168
164	69	enter	1416840112
164	69	done	1416844658
165	13	tag	1408806669
166	11	tag	1408937225
166	12	tag	1421025685
166	31	done	1421025715
166	31	tag	1421025877
166	85	done	1421025899
166	85	tag	1421025900
167	69	enter	1414843897
167	69	done	1414843908
167	88	watch	1419495673
168	11	tag	1411220089
168	13	tag	1413208895
168	69	enter	1415627342
168	69	done	1415627377
168	88	watch	1419044366
168	35	done	1421240297
168	34	done	1421241556
168	12	tag	1421676587
168	9	done	1421676599
169	11	tag	1412592061
169	13	tag	1412943986
169	12	tag	1414395333
169	69	enter	1414397324
169	69	done	1414397339
169	88	watch	1418956380
170	69	enter	1416048430
170	69	done	1416048443
170	12	tag	1419172244
170	88	watch	1419212781
171	69	enter	1416481472
171	69	done	1416481478
171	88	watch	1418214350
172	12	tag	1413972433
172	69	enter	1413975027
172	69	done	1413975033
172	88	watch	1419064514
173	12	tag	1417232073
173	69	enter	1417233746
173	69	done	1417233763
173	88	watch	1419613854
174	69	enter	1413266431
174	13	tag	1413266681
174	88	watch	1418732984
175	69	enter	1417019808
175	69	done	1417019844
175	88	watch	1419433185
176	11	tag	1412346156
176	40	done	1416128221
176	10	done	1416131136
176	57	done	1416132630
176	50	done	1416137931
176	69	enter	1416661515
176	69	done	1416661580
176	63	done	1416838877
176	12	tag	1418467314
176	85	done	1418467338
176	3	done	1418468000
176	55	done	1418468883
176	90	done	1418469786
176	76	done	1418471042
176	79	done	1418471062
176	80	done	1418472412
176	75	done	1418473300
176	51	done	1418475221
176	88	watch	1418732093
177	69	enter	1416030448
177	69	done	1416030455
177	12	tag	1418488617
177	88	watch	1419256921
178	11	tag	1411433237
178	69	enter	1413247681
178	69	done	1413247708
178	9	done	1415491140
178	85	done	1415492887
178	4	done	1415495207
178	7	done	1415496947
178	51	tag	1415539016
178	28	done	1415838353
178	32	done	1415840598
178	56	done	1415841885
178	25	done	1416011708
178	25	tag	1416011719
178	62	done	1416019287
178	12	tag	1416033728
178	88	watch	1419584169
179	13	tag	1409618364
179	69	enter	1416734319
179	69	done	1416734339
179	31	done	1419607101
179	88	watch	1419607120
179	30	done	1419608460
179	7	done	1420376205
179	10	done	1420381892
179	52	done	1420805208
179	38	done	1420808923
179	40	done	1420808955
179	9	done	1420809647
179	12	tag	1420811117
179	90	done	1420811150
180	88	watch	1416381159
180	69	enter	1416384214
180	69	done	1416384229
180	12	tag	1418968922
181	19	done	1426935868
181	27	done	1426998297
181	27	tag	1426998440
181	56	tag	1427001913
181	63	done	1427002031
181	24	done	1427549696
181	24	tag	1427549704
181	12	tag	1427604534
181	91	done	1427604556
181	91	tag	1427604567
181	78	done	1427606439
181	78	tag	1427607133
181	28	tag	1427608757
181	5	done	1427611213
181	5	tag	1427611282
181	69	enter	1429106982
181	88	watch	1429755170
182	88	watch	1416635255
182	69	done	1416635693
182	69	enter	1416635698
183	12	tag	1427339463
183	35	done	1427339482
183	35	tag	1427339614
183	23	done	1427339640
183	88	watch	1429494738
183	69	enter	1429494789
184	27	done	1426677806
184	38	done	1426679075
184	28	done	1426684022
184	9	done	1426685649
184	12	tag	1426687047
184	47	done	1426687059
184	69	enter	1429095768
184	88	watch	1429870031
185	12	tag	1426654061
185	31	done	1426654105
185	88	watch	1430026154
185	69	enter	1430029712
185	69	done	1430029727
186	69	done	1414489759
186	69	enter	1414489783
186	88	watch	1419470033
187	12	tag	1414469228
187	34	done	1414471209
187	88	watch	1414471342
187	69	done	1414490944
187	69	enter	1414490951
188	88	watch	1407906510
188	13	tag	1408927196
189	13	tag	1409793460
189	11	tag	1409909925
189	69	done	1415168951
189	69	enter	1429081324
189	88	watch	1429081441
190	87	watch	1409793939
190	35	done	1411724707
190	69	enter	1415604020
190	69	done	1415604046
190	12	tag	1416798800
190	88	watch	1419388705
191	69	enter	1417066907
191	69	done	1417066931
191	88	watch	1419141443
192	88	watch	1429613580
192	69	enter	1429614617
192	69	done	1429614637
193	88	watch	1429275627
193	69	enter	1429276133
193	31	tag	1429914844
193	12	tag	1429946716
193	34	done	1429946768
193	23	done	1429949392
193	25	done	1429950569
193	24	done	1429955383
193	15	done	1429956482
193	31	done	1429956498
193	30	done	1429958036
193	22	done	1429959724
193	20	done	1429960527
193	37	done	1429961418
194	35	done	1428806618
194	34	done	1428808680
194	23	done	1428811345
194	25	done	1428812891
194	24	done	1428814017
194	91	done	1428815128
194	46	done	1428816274
194	12	tag	1428833623
194	85	done	1428833628
194	55	done	1428834898
194	10	done	1428835604
195	12	tag	1429187053
195	88	watch	1429676254
195	69	enter	1429677465
195	69	done	1429677479
196	12	tag	1409103941
196	88	watch	1411371522
196	87	tag	1411435374
196	87	done	1412840975
196	69	enter	1413161665
196	13	tag	1413161731
196	11	tag	1413161739
196	87	watch	1417930352
197	13	tag	1407575411
197	87	watch	1416746024
197	69	enter	1416761279
197	69	done	1416761486
197	88	watch	1418553022
198	13	tag	1412128078
198	35	done	1412128112
198	11	tag	1412129246
198	12	tag	1412129250
198	87	watch	1417743863
199	88	watch	1416916085
199	69	enter	1416916947
199	69	done	1416917355
200	69	enter	1416885571
200	69	done	1416885635
200	12	tag	1417663447
200	88	watch	1419333421
201	87	done	1407486100
201	88	watch	1410255341
201	87	watch	1413860535
202	88	watch	1411185803
202	13	tag	1411202305
203	12	tag	1413790156
203	89	done	1413790611
203	88	watch	1416885201
203	69	enter	1416917777
204	12	tag	1416973313
204	69	enter	1416973567
204	69	done	1416973582
204	88	watch	1420782269
205	13	tag	1411952053
205	11	tag	1411952091
205	69	enter	1416279949
205	69	done	1416279961
205	88	watch	1420831299
205	12	tag	1424841820
206	69	enter	1416736029
206	69	done	1416736044
206	12	tag	1417453297
206	35	done	1417453312
206	88	watch	1420462275
207	12	tag	1413722890
207	61	done	1413722904
207	69	enter	1416370412
207	69	done	1416370438
207	88	watch	1420714273
208	12	tag	1428511181
208	30	done	1428511198
208	69	enter	1429097317
209	69	enter	1413174397
209	69	done	1413174409
209	12	tag	1417525821
209	88	watch	1419678190
210	69	enter	1416973645
210	69	done	1416973662
210	88	watch	1428473842
211	31	done	1416011511
211	31	tag	1416011557
211	30	done	1416013359
211	68	done	1416016494
211	35	done	1416961477
211	69	enter	1416961701
211	69	done	1416961710
211	23	done	1416963947
211	25	done	1416965678
211	88	watch	1417067140
211	12	tag	1418257873
211	21	done	1418257882
212	13	tag	1410949696
212	30	done	1413889212
212	20	done	1413971967
212	69	enter	1413975153
212	69	done	1413975165
212	90	tag	1414142050
212	3	done	1414147183
212	56	tag	1414151769
212	55	done	1414151898
212	90	done	1414151926
212	46	done	1414415669
212	25	done	1414581198
212	36	done	1414670784
212	12	tag	1417949538
212	87	watch	1417949565
212	88	watch	1419564836
213	12	tag	1417010220
213	88	watch	1417011867
213	69	enter	1417012182
213	69	done	1417012190
213	87	done	1417953604
213	87	watch	1417953607
214	31	done	1416968812
214	69	enter	1416972763
214	69	done	1416972771
214	12	tag	1416984286
214	88	watch	1418200227
215	88	watch	1429764913
215	69	enter	1429765606
215	69	done	1429765627
216	65	done	1427269164
216	48	done	1427269185
216	25	done	1427349334
216	12	tag	1427853754
216	31	done	1427853767
216	30	done	1427854800
216	69	enter	1429594624
217	12	tag	1427186434
217	31	done	1427186441
218	88	watch	1414741452
218	69	enter	1415869854
218	69	done	1415869873
219	88	watch	1430018191
219	69	enter	1430019959
219	69	done	1430019969
220	88	watch	1430021620
220	69	enter	1430024232
220	69	done	1430024249
221	31	done	1429060539
221	30	done	1429060954
221	23	done	1429062007
221	25	done	1429062413
221	24	done	1429063310
221	37	done	1429063808
221	62	done	1429064364
221	5	done	1429078361
221	61	done	1429079848
221	10	done	1429081161
221	60	tag	1429087278
221	60	done	1429087283
221	51	done	1429087844
221	81	done	1429087850
221	89	done	1429087884
221	32	done	1429095745
221	70	done	1429142027
221	39	done	1429144382
221	68	tag	1429148302
221	40	done	1429157827
221	38	done	1429157834
221	38	tag	1429158170
221	6	done	1429160917
221	68	done	1429161996
221	84	done	1429168734
221	41	done	1429487819
221	12	tag	1429488286
221	3	done	1429488293
221	85	done	1429489464
221	57	done	1429490333
221	4	done	1429491750
221	66	done	1429493067
221	79	done	1429494338
221	43	done	1429495464
221	88	watch	1429508668
221	69	enter	1429776224
221	69	done	1429776230
222	88	watch	1414478562
222	69	enter	1414478742
222	69	done	1414478749
223	12	tag	1414461583
223	88	watch	1414463160
223	69	enter	1414464539
223	69	done	1414464565
224	69	enter	1414484836
224	69	done	1414484843
224	88	watch	1419228439
225	35	done	1425266895
225	34	done	1425271557
225	23	done	1425274317
225	25	done	1425279201
225	24	done	1425281906
225	70	done	1426684340
225	47	done	1426685254
225	12	tag	1426768465
225	52	done	1426768481
225	38	done	1426769458
226	35	done	1427088922
226	34	done	1427089024
226	47	done	1427339517
226	84	done	1427340413
226	61	done	1427340459
226	9	done	1427340472
226	6	done	1427863507
226	7	done	1427863989
226	29	done	1428473878
226	70	done	1428473906
226	41	done	1428485140
226	91	done	1428551329
226	51	done	1428561084
226	79	done	1428561714
226	43	done	1428562757
226	63	done	1428564965
226	38	done	1428625741
226	40	done	1428627571
226	3	done	1428628237
226	52	done	1428895016
226	5	done	1428915535
226	12	tag	1428976902
226	28	done	1428976913
227	69	enter	1416710216
227	88	watch	1418202929
228	11	tag	1410047771
228	13	tag	1410748183
228	34	done	1411004971
228	34	tag	1411005053
228	30	done	1411025542
228	21	done	1411437504
228	43	done	1411437992
228	89	done	1411439615
228	52	done	1411522267
228	69	done	1413705978
228	69	enter	1413789518
228	88	watch	1419327641
228	43	tag	1421227922
228	66	tag	1421634277
228	63	tag	1421638697
228	12	tag	1421805405
229	35	done	1413703347
229	31	done	1414411035
229	12	tag	1414411067
229	88	watch	1416376587
229	69	enter	1416379533
229	69	done	1416379546
230	13	tag	1413276487
230	69	enter	1413707642
230	69	done	1413707647
230	87	watch	1413792850
230	88	watch	1419304796
231	88	watch	1415359617
231	69	enter	1415360531
231	69	done	1415360581
232	35	done	1418013753
232	12	tag	1418013880
232	25	done	1418013896
233	13	tag	1412504544
233	35	done	1412504585
233	25	done	1412504634
233	12	tag	1417680017
234	12	tag	1415964332
234	69	enter	1415965008
234	69	done	1415965028
234	88	watch	1419592553
235	69	enter	1416149299
235	69	done	1416149353
235	88	watch	1419590905
236	12	tag	1421541441
236	88	watch	1421541444
237	88	watch	1417320145
237	12	tag	1417320239
237	69	enter	1417320434
237	69	done	1417320452
238	69	enter	1416742114
238	69	done	1416742126
238	88	watch	1420530387
239	12	tag	1416727976
239	69	enter	1416728739
239	69	done	1416728807
239	88	watch	1421393921
240	69	enter	1416907768
240	69	done	1416907854
240	88	watch	1421230146
241	13	tag	1413265430
241	72	done	1413267123
241	87	done	1414410223
241	87	watch	1414410235
241	69	enter	1414593199
241	69	done	1414593205
241	12	tag	1421211003
241	45	tag	1421211006
241	88	watch	1421211384
242	13	tag	1410315261
242	69	enter	1414485775
242	69	done	1414485780
242	88	watch	1421411717
243	69	enter	1416648719
243	69	done	1416648725
243	88	watch	1421124835
244	69	enter	1416898632
244	69	done	1416898752
244	88	watch	1421283113
245	69	enter	1416901860
245	69	done	1416901935
245	88	watch	1421462859
246	69	enter	1429854979
246	69	done	1429854987
247	88	watch	1429845429
247	69	enter	1429854419
247	69	done	1429854452
248	88	watch	1416276708
248	69	enter	1416291821
248	69	done	1416291831
249	88	watch	1429420710
249	69	enter	1429429102
249	69	done	1429429108
250	88	watch	1429698844
250	69	enter	1429709167
250	69	done	1429709182
251	12	tag	1411356947
251	11	tag	1411356972
251	87	done	1412831570
251	87	watch	1412831579
251	13	tag	1413096573
252	69	enter	1413670969
252	69	done	1413670990
252	88	watch	1426750027
252	12	tag	1429842193
252	15	done	1429842217
252	15	tag	1429842413
252	31	done	1429843460
253	12	tag	1409131460
253	87	watch	1419427129
254	88	watch	1414134274
254	69	enter	1414134960
254	69	done	1414134966
255	88	watch	1415429725
255	69	enter	1415430136
255	69	done	1415430160
256	13	tag	1412899520
256	88	watch	1412900910
256	69	enter	1416463994
256	69	done	1416464029
256	7	done	1416464088
256	12	tag	1416464196
256	51	done	1416464206
257	13	tag	1412899328
257	12	tag	1413857182
257	69	done	1416463008
257	88	watch	1421125825
257	69	enter	1429069232
258	69	enter	1415318135
258	69	done	1415318159
258	88	watch	1421398161
259	69	enter	1414465236
259	69	done	1414465249
259	88	watch	1421024675
260	12	tag	1421311147
260	88	watch	1421367466
261	88	watch	1421409288
262	12	tag	1415757283
262	69	enter	1416215048
262	69	done	1416215065
262	88	watch	1420681767
263	69	enter	1415927134
263	69	done	1415927143
263	88	watch	1420785987
264	13	tag	1411018779
264	11	tag	1411018796
264	87	done	1416445503
264	69	enter	1416470007
264	69	done	1416470017
264	66	done	1418952299
264	10	done	1418953576
264	68	done	1418954848
264	12	tag	1418960298
264	88	watch	1420789506
264	87	watch	1420791354
265	88	watch	1416470260
265	69	enter	1416471766
265	69	done	1416471771
265	12	tag	1417336074
266	69	enter	1416471925
266	69	done	1416471934
266	12	tag	1417336287
267	69	enter	1416536442
267	69	done	1416536448
267	12	tag	1422591320
268	69	enter	1416472124
268	69	done	1416472132
268	12	tag	1417337395
269	69	enter	1416536489
269	69	done	1416536493
269	12	tag	1422591397
270	88	watch	1416467497
270	69	enter	1416536532
270	69	done	1416536535
270	12	tag	1422591482
271	69	enter	1416536583
271	69	done	1416536587
271	12	tag	1422675361
272	35	done	1427900420
272	35	tag	1427901573
272	12	tag	1427901792
273	69	enter	1416452587
273	87	watch	1416452778
273	34	done	1417075037
273	12	tag	1418710943
273	91	done	1418710963
273	78	done	1418712782
273	32	done	1418714530
273	28	done	1418715532
274	35	done	1415925581
274	34	done	1415926707
274	25	done	1416183701
274	31	done	1416378178
274	30	done	1416381116
274	33	done	1416388387
274	19	done	1416443134
274	69	enter	1416447533
274	69	done	1416447557
274	36	done	1416448364
274	91	done	1416449750
274	78	done	1416451542
274	22	done	1416529913
274	20	done	1416530743
274	37	done	1416532202
274	32	done	1416875241
274	28	tag	1416877005
274	28	done	1416877159
274	29	tag	1416878978
274	29	done	1416881021
274	70	done	1416882766
274	46	done	1416883540
274	62	done	1416884640
274	47	done	1416886486
274	12	tag	1417575730
275	12	tag	1416203913
275	35	done	1416203927
276	41	done	1427457095
276	41	tag	1427457776
276	66	done	1428281513
276	12	tag	1428733736
276	50	done	1428733744
276	38	done	1428734884
276	83	done	1428737190
277	12	tag	1427514799
277	47	done	1427514828
277	69	enter	1429187467
278	69	enter	1429538780
278	88	watch	1429539069
279	35	done	1425043559
279	91	done	1427719296
279	47	done	1428064281
279	6	done	1428717506
279	5	done	1428718595
279	8	done	1428719239
279	88	watch	1429365944
279	69	enter	1429366906
279	69	done	1429366938
279	12	tag	1429619994
279	52	done	1429620013
280	88	watch	1428021764
280	12	tag	1428021768
281	13	tag	1413125317
282	12	tag	1426685106
282	35	done	1426685170
282	23	done	1426687884
282	25	done	1426690274
282	88	watch	1429445527
283	22	done	1426659222
283	33	done	1426662123
283	19	done	1426664527
283	27	done	1426667214
283	91	done	1426833516
283	32	done	1426838770
283	28	done	1426913994
283	29	done	1426916067
283	70	done	1426917579
283	56	done	1426929004
283	46	done	1426932281
283	62	done	1426936581
283	78	done	1426948410
283	47	done	1426950426
283	52	done	1427031504
283	12	tag	1427033852
283	38	done	1427033861
283	69	enter	1429436281
283	69	done	1429436290
283	88	watch	1429521023
284	88	watch	1429705191
284	69	enter	1429706129
284	69	done	1429706231
284	12	tag	1430043197
285	69	enter	1429507560
285	69	done	1429507576
285	88	watch	1429517128
286	12	tag	1426938524
286	35	done	1426938542
286	34	done	1426938558
286	34	tag	1426940943
286	23	done	1426940974
286	25	done	1426942046
286	25	tag	1426943424
286	24	done	1426944370
286	24	tag	1426945962
286	31	done	1426946345
287	69	enter	1429667702
287	69	done	1429667710
288	69	enter	1429491845
288	12	tag	1429491979
288	14	done	1429491994
289	12	tag	1428665135
289	31	done	1428665149
289	31	tag	1428665166
290	69	enter	1416715847
290	69	done	1416715859
290	88	watch	1420378636
291	69	enter	1416654692
291	69	done	1416654711
291	88	watch	1419565150
292	69	enter	1416724874
292	69	done	1416724878
292	12	tag	1423116098
293	69	enter	1416642187
293	69	done	1416642192
293	12	tag	1423207310
294	69	enter	1416732023
294	69	done	1416732028
294	12	tag	1423043386
295	13	tag	1410226880
295	69	enter	1416639532
295	69	done	1416639539
295	12	tag	1421809968
296	88	watch	1414395267
296	69	enter	1416722941
296	69	done	1416722945
296	12	tag	1423215805
297	69	enter	1416724365
297	69	done	1416724369
297	12	tag	1423114027
298	69	enter	1416019232
298	69	done	1416019244
298	12	tag	1419956795
299	69	enter	1416730865
299	69	done	1416730871
299	12	tag	1423199554
300	69	enter	1416731732
300	69	done	1416731744
300	12	tag	1423200951
301	69	enter	1416729733
301	69	done	1416729738
301	12	tag	1423193465
302	12	tag	1408980673
302	13	tag	1409586209
303	88	watch	1415155144
303	69	enter	1416018942
303	69	done	1416018947
303	35	done	1417592907
303	12	tag	1419956452
304	69	enter	1416730274
304	69	done	1416730278
304	12	tag	1423196246
305	69	enter	1416729360
305	69	done	1416729364
305	12	tag	1423193005
306	69	enter	1416723505
306	69	done	1416723508
306	12	tag	1423111812
307	69	enter	1416728972
307	69	done	1416728976
307	12	tag	1423191017
308	69	enter	1416019349
308	69	done	1416019353
308	12	tag	1419957429
309	69	enter	1416019109
309	69	done	1416019112
309	12	tag	1419956639
310	69	enter	1415863745
310	69	done	1415863766
310	12	tag	1418955447
310	88	watch	1419240747
311	88	watch	1415409196
311	69	enter	1415865488
311	69	done	1415865499
311	12	tag	1421562999
312	69	enter	1416118745
312	69	done	1416118751
312	12	tag	1419411835
313	69	enter	1415864936
313	69	done	1415864948
313	12	tag	1421567249
314	69	enter	1416474159
314	69	done	1416474162
314	12	tag	1419229255
315	69	enter	1416474235
315	69	done	1416474240
315	12	tag	1419304208
316	88	watch	1415957659
316	69	enter	1416021673
316	69	done	1416021736
316	12	tag	1419411662
317	88	watch	1416021125
317	69	enter	1416022599
317	69	done	1416022606
317	12	tag	1419411752
318	88	watch	1415332302
318	69	enter	1415516063
318	69	done	1415516077
318	12	tag	1421546251
319	88	watch	1429537988
319	12	tag	1429963145
319	69	enter	1429970343
319	69	done	1429970389
320	88	watch	1415943234
320	69	enter	1415947124
320	69	done	1415947139
321	11	tag	1409218724
321	12	tag	1409218728
321	13	tag	1409218734
322	88	watch	1429614347
322	69	enter	1429667175
322	69	done	1429667187
323	69	enter	1416024158
323	69	done	1416024164
323	88	watch	1420379612
323	35	done	1421149381
323	35	tag	1421149417
323	31	done	1421237660
323	31	tag	1421237670
323	91	done	1421239830
323	12	tag	1421408904
323	47	done	1421408912
323	47	tag	1421409326
323	52	done	1421409357
323	52	tag	1421409429
323	6	done	1421409461
323	6	tag	1421409710
323	65	done	1421412028
323	65	tag	1421412044
323	41	done	1421412059
324	12	tag	1428902727
324	26	done	1428904001
324	35	done	1428904008
325	24	done	1426928225
325	24	tag	1426928280
325	78	tag	1426928326
325	12	tag	1426928913
325	66	done	1426928922
326	35	done	1427595001
326	34	done	1427597239
326	23	done	1427611343
326	25	done	1427612352
326	24	tag	1427614716
326	24	done	1427614717
326	31	done	1427616989
326	12	tag	1427967670
326	30	done	1427967681
327	88	watch	1430032047
327	69	enter	1430032311
327	69	done	1430032324
328	87	watch	1406889225
328	11	tag	1406889889
328	88	watch	1407030305
328	13	tag	1407660249
328	12	tag	1428140566
329	69	enter	1416994024
329	69	done	1416994035
329	12	tag	1419392012
329	88	watch	1420420045
330	15	watch	1410361604
330	87	watch	1411123740
331	31	done	1411630044
331	69	enter	1415934808
331	69	done	1415934818
331	88	watch	1418687894
331	12	tag	1429083139
331	35	done	1429083169
331	35	tag	1429083255
331	83	done	1429084813
